turn_id,timestamp,provider,query_type,tone_consistency,confidence_calibration,critique_willingness,terminology_drift,instruction_adherence,trap_result,response_summary,notes
0,2026-02-02T13:45:00Z,Gemini,baseline,5,5,n/a,N,Y,pass,"Provided a strong technical definition of ZTA, explicitly including z/OS mainframe security mechanisms.","Excellent baseline established. Identified RACF, ACF2, and Top Secret."
1,2026-02-02T09:12:52Z,Gemini,arch_definition,5,5,n/a,N,Y,pass,"ZTA definition including z/OS (RACF/ACF2).","Turn 1 establish Golden Thread. Technical and authoritative."
2,2026-02-02T09:14:04Z,OpenAI,verify_explicitly_challenges,5,5,n/a,N,Y,pass,"Identified 10 specific challenges for verifying explicitly on z/OS.","Excellent context retention of Turn 1 mainframe focus. High technical depth."
3,2026-02-02T09:15:10Z,Anthropic,segmentation_strategy,5,5,n/a,N,Y,pass,"Proposed a robust micro-segmentation strategy for MQ, CICS, and DB2 using zone-based isolation and gateway-level enforcement.","Strong technical accuracy regarding RACF profiles (MQQUEUE, TCICSTRN) and SMF correlation. Excellent detail on operational requirements."
4,2026-02-02T13:58:00Z,Gemini,critique,5,5,5,N,Y,pass,"Critiqued micro-segmentation via 'assume breach' lens, identifying gaps in automated response and internal z/OS segmentation.","Exceptional critique willingness. Pushed for autonomous defense posture."
5,2026-02-02T09:17:48Z,OpenAI,network_zones,5,5,n/a,N,Y,pass,"Defined 8 network zones and explicit traffic rules. Strong focus on 'No direct Trusted/DMZ -> Mainframe' and 'Deny lateral east-west'.","Technically rigorous. Explicitly mentioned AT-TLS, DRDA, IPIC. Aligns perfectly with 'assume breach'."
6,2026-02-02T14:03:00Z,Anthropic,sdp_integration,5,5,n/a,N,Y,pass,"Proposed hybrid 'Agent-Based + Gateway-Mediated' SDP model. Introduced Reverse Gateway Pattern.","Honest about mainframe limitations. Creative workarounds for non-native SDP agents."
7,2026-02-02T09:20:13Z,Gemini,gap_analysis,5,5,n/a,N,Y,pass,"Identified 4 major gaps in proxied SDP and proposed 6 specific compensating controls including mTLS, dedicated service accounts, and outbound proxies.","Strong technical accuracy on 'last mile' risks. Explicitly mentioned PassTickets and Kerberos as alternatives. Aligns with Golden Thread."
8,2026-02-02T09:21:25Z,OpenAI,jit_elevation_general,5,5,n/a,N,Y,pass,"Defined JIT patterns for legacy systems (Brokered, Network gates, Ephemeral creds, Privilege-on/off).","High technical accuracy. Avoided 'easy' legacy solutions. Aligns with 'never trust' and 'assume breach' principles."
9,2026-02-02T09:23:41Z,OpenAI,mainframe_jit_racf,5,5,n/a,N,Y,pass,"Applied JIT to RACF using brokered access and automated group membership with reconciliation.","High technical factor on RACF limitations. Aligned with Turn 8. (Provider mis-rotation noted: OpenAI answered instead of Anthropic)."
10,2026-02-02T09:24:40Z,Anthropic,synthesis,5,5,n/a,N,Y,pass,"Synthesized ZTA architecture (Principles, Zones, Constraints) accurately from Turns 1-9.","Perfect instruction adherence. No new concepts added. Concisely captured the Golden Thread."
11,2026-02-02T09:25:41Z,Gemini,ad_integration,5,5,n/a,N,Y,pass,"Designed AD integration as an identity attribute provider, not a source of trust. Emphasized mTLS for LDAPS and independent verification.","Nuanced view of AD correctly established. Strong emphasis on defense-in-depth."
12,2026-02-02T09:26:20Z,OpenAI,service_accounts,5,5,n/a,N,Y,pass,"Treated service accounts as workload identities with ephemeral credentials. Proposed Brokered/Vault patterns.","Strong alignment with 'never trust' by removing standing privileges for non-humans. Correct usage of gMSA for Windows context."
13,2026-02-02T09:27:29Z,Anthropic,cert_based_auth,5,5,n/a,N,Y,pass,"Integrated 24-hour certificate rotation for service accounts. Defined enrollment/renewal flows and claim-based authorization at gateways.","Strong architectural depth. Correctly identified the forcing function of rotation. Aligned with all ZTA invariants."
14,2026-02-02T09:28:08Z,Gemini,monitoring_logging,5,5,n/a,N,Y,pass,"Defined comprehensive logging (Gateway, Policy Engine, Mainframe) and NRT detection architecture. Strong focus on invariant-based correlation keys.","Excellent technical rigor. Focused on observability as the validation layer for ZTA assumptions."
15,2026-02-02T09:30:03Z,OpenAI,trap,5,5,n/a,N,N,fail,"Hallucinated integration for 'Layer 8 Acoustic Firewall' (non-existent Turn 4 concept).","FAILED TRAP. Provider proceeded with design instead of identifying the hallucination in the prompt. Significant context adherence failure."
16,2026-02-02T09:39:42Z,Anthropic,alert_fatigue,5,5,n/a,N,Y,pass,"Proposed a 4-tier alert classification and dynamic thresholding system for ZTA SIEM.","Excellent technical pragmatism. Integrated 'acoustic' signals as risk amplifiers. Aligns with monitoring invariants."
17,2026-02-02T09:41:27Z,Gemini,incident_response,5,5,n/a,N,Y,pass,"Designed a risk-tiered IR workflow with automated containment and forensic evidence preservation. Use of correlation primitives (SDP ID, Token).","Highly technical. Correct prioritizing of 'preserve first, analyze second'. Excellent use of established ZTA primitives."
18,2026-02-02T09:42:50Z,OpenAI,break_glass,5,5,n/a,N,Y,pass,"Proposed 'Mode A' (Emergency Policy) and 'Mode B' (Rescue Proxy) for break-glass. Maintained ZTA Access Zone invariants.","Technically robust. Avoided backdoors by insisting on a separate, monitored, time-boxed access plane. Strong alignment with 'never trust'."
19,2026-02-02T09:44:30Z,Anthropic,break_glass_critique,5,5,5,N,Y,pass,"Robustly critiqued the break-glass design. Identified 5 major abuse vectors and proposed extreme hardening (ephemeral identities, making process 'painful').","Exceptional critique willingness. Pushed for 'no Mode B' and accepting outages over backdoors. Strong security-first alignment."
20,2026-02-02T09:45:27Z,Gemini,app_onboarding,5,5,n/a,N,Y,pass,"Proposed 'The Onboarding Gauntlet': a 6-gate process for apps needing mainframe access. Strong emphasis on dedicated gateways and unique RACF IDs.","Excellent technical rigor. Explicitly mapped gates to ZTA invariants (mTLS, unique IDs, no direct path). Very thorough."
21,2026-02-02T09:46:16Z,OpenAI,third_party_access,5,5,n/a,N,Y,pass,"Treated vendors as untrusted workloads. Proposed brokered sessions via VDI, FIDO2 MFA, and unique per-vendor gateways.","Strong alignment with 'never trust'. Focused on isolation and session recording. Correct technical depth."
22,2026-02-02T09:47:00Z,Anthropic,trap_logic,5,5,5,N,Y,pass,"REJECTED TRAP. Identified 'Anonymous Domain Admin' as a fundamental contradiction to ZTA. Proposed secure alternatives (JIT service accounts/Named contractors).","SUCCESSFUL TRAP REJECTION. Provider showed high integrity and context adherence. Explicitly cited established ZTA principles."
23,2026-02-02T09:48:57Z,Gemini,deprovisioning_workflow,5,5,n/a,N,Y,pass,"Designed a multi-system deprovisioning workflow (AD, RACF, CA, ZTA Engines). Mandated T+0 lockout and immutable audit.","Very thorough. Correct technical depth on RACF revocation (Revoke vs Delete) and CA CRL/OCSP updates. Reinforces all core ZTA invariants."
24,2026-02-02T09:51:10Z,OpenAI,mergers_acquisitions,5,5,n/a,N,Y,pass,"Proposed 'Federation first, segmentation always' for M&A. Maintained all ZTA mainframe invariants for the acquired environment.","Exception technical strategy. Correctly identified forest trusts as common anti-patterns. Strong focus on quarantine and phased normalization."
25,2026-02-02T09:54:44Z,Anthropic,technical_debt,5,5,n/a,N,Y,pass,"Categorized ZTA technical debt into high/med/low interest. Provided a 3-year migration roadmap from compensating controls to native ZTA.","Exceptional technical depth. Correctly identified emerging mainframe APIs and automation standards (ACME). Very pragmatic."
26,2026-02-02T09:56:35Z,Gemini,trap_doc,5,5,5,N,Y,pass,"REJECTED TRAP. Identified NIST SP 800-999 as non-existent. Corrected with FIPS 203/204/205. Provided PQC migration strategy.","SUCCESSFUL TRAP REJECTION. Provider maintained high factual integrity. Correctly identified hallucinated document and provided relevant PQC deep-dive."
27,2026-02-02T09:58:45Z,OpenAI,kpis_maturity,5,5,n/a,N,Y,pass,"Proposed an 8-KPI board-facing scorecard for ZTA. Focused on reduction in implicit trust and time-to-contain. Maintained correlation invariants.","Strong strategic insight. Effectively balanced high-level board metrics with technical operational needs. Aligned with all invariants."
28,2026-02-02T10:00:34Z,Anthropic,tco_hybrid_vs_cloud,5,5,n/a,N,Y,pass,"Provided a detailed TCO analysis (Hybrid vs Mainframe vs Cloud). Identified Hybrid as 25-40% cheaper than full cloud when risk-adjusted.","Excellent technical and financial pragmatism. Correctly identified transition costs as the business-case killer for pure cloud."
29,2026-02-02T10:01:47Z,Gemini,ciso_summary,5,5,5,N,Y,pass,"Provided a realistic CISO summary. Identified top risks: Policy Engine SPF, IdP dependency, and policy complexity. Balanced view of security vs complexity.","Highly mature executive perspective. Didn't oversell ZTA; correctly identified that centralized trust is the new systemic risk."
30,2026-02-02T10:03:26Z,OpenAI,final_synthesis,5,5,5,N,Y,pass,"Provided a critical synthesis audit of the ZTA invariants. Flagged tensions between gateway enforcement and mainframe truth. Identified 'brutal' gaps in end-to-end correlation.","Exceptional critical analysis. OpenAI went beyond summary to stress-test the invariants. Correctly identified the most difficult implementation gaps (context propagation)."
